timestamp,nodo_id,temp_exterior_C,hum_exterior_pct,campo_4,campo_5,campo_6
2026-06-02T19:52:57.082346,1,2.619048,22.3526,66.95242,164584.6,2940.143
2026-06-02T19:53:43.304819,1,2.60293,22.34249,66.55293,164578.7,2935.568
2026-06-02T19:54:29.519049,1,2.598095,22.33105,66.67014,164578.2,2938.491
2026-06-02T19:55:15.749201,1,2.612601,22.34497,66.67242,164576.2,2939.168
2026-06-02T19:56:13.850720,1,2.609377,22.31617,66.81175,164576.4,2936.84
2026-06-02T19:57:00.055662,1,2.620659,22.28432,66.50429,164573.4,2937.436
2026-06-02T19:57:46.290717,1,2.622271,22.30186,66.39824,164574.5,2941.956
2026-06-02T19:58:32.490597,1,2.59326,22.29919,66.40997,164577.5,2936.57
2026-06-02T19:59:18.698521,1,2.598095,22.31293,65.76538,164573,2936.137
2026-06-02T20:00:04.917558,1,2.577143,22.33715,65.99083,164568,2933.078
2026-06-02T20:00:51.139997,1,2.59326,22.38636,66.44296,164571.5,2928.91
2026-06-02T20:01:37.335698,1,2.577143,22.48955,75.18835,164512,2932.808
2026-06-02T20:02:23.553884,1,2.570696,22.61944,67.79013,164525,2920.249
2026-06-02T20:03:09.770907,1,2.614213,22.78919,66.87193,164530.3,2922.982
2026-06-02T20:03:55.989856,1,2.591648,22.88094,66.54501,164523,2925.933
2026-06-02T20:04:42.216917,1,2.570696,22.99271,65.27948,164957.6,3029.949
2026-06-02T20:05:12.731000,1,2.601319,23.09895,64.57767,164974,1969.406
2026-06-02T20:05:58.916699,1,2.577143,23.19012,64.71367,164948.1,3021.26
2026-06-02T20:06:45.129427,1,2.596483,23.23017,64.8076,164941.1,3038.827
2026-06-02T20:07:31.356728,1,2.572308,23.106,64.92023,164938.4,2951.158
2026-06-02T20:08:17.574191,1,2.586813,22.92385,65.17754,164938,2759.583
2026-06-02T20:09:03.782473,1,2.573919,22.76039,65.85617,164933.8,2722.501
2026-06-02T20:09:49.987621,1,2.590037,22.64004,66.4341,164932,3050.817
2026-06-02T20:10:36.193204,1,2.572308,22.51873,66.76311,164928.6,3076.07
2026-06-02T20:11:22.388993,1,2.588425,22.45121,67.23738,164920.3,3088.115
2026-06-02T20:12:08.606886,1,2.577143,22.38922,67.25053,164914,3091.958
2026-06-02T20:12:54.827577,1,2.573919,22.37682,67.81883,164912.6,3087.221
2026-06-02T20:13:41.061224,1,2.567472,22.72301,66.82539,164917.7,3082.512
2026-06-02T20:14:27.297738,1,2.570696,22.85442,65.21979,164834.9,3121.244
2026-06-02T20:15:13.523420,1,2.573919,22.88094,65.01465,164965.5,3149.149
2026-06-02T20:15:59.726739,1,2.569084,22.86167,64.46514,165003.8,3090.009
2026-06-02T20:16:45.913676,1,2.565861,22.82848,65.26337,164998.3,3093.663
2026-06-02T20:17:32.113886,1,2.543297,22.82753,66.16402,165002.5,3098.508
2026-06-02T20:18:18.335857,1,2.54652,22.82391,65.25726,165013.7,3087.411
2026-06-02T20:19:04.554581,1,2.532015,22.82448,64.88323,165015.6,3089.116
2026-06-02T20:19:50.752844,1,2.564249,22.81952,64.61792,165003.7,3101.323
2026-06-02T20:20:36.982094,1,2.551355,22.82162,65.52077,165010.9,3099.104
2026-06-02T20:21:23.194729,1,2.53685,22.71347,64.35356,164996.8,3103.082
2026-06-02T20:22:09.408607,1,2.557802,22.66331,63.38406,165007.3,3095.206
2026-06-02T20:22:55.644943,1,2.543297,22.62573,64.14719,165005.8,3096.992
2026-06-02T20:23:41.855530,1,2.564249,22.59026,64.46886,165010.1,3098.643
2026-06-02T20:24:28.057317,1,2.551355,22.57099,64.85052,165003.1,3072.551
2026-06-02T20:25:14.272716,1,2.564249,22.52693,64.7768,164997.8,3076.097
2026-06-02T20:26:00.476659,1,2.564249,22.51968,64.24999,164993.9,3067.057
2026-06-02T20:26:46.707810,1,2.561026,22.51148,64.63928,164999,3074.419
2026-06-02T20:27:32.948012,1,2.549744,22.5174,64.92367,164997.3,3063.619
2026-06-02T20:28:19.134845,1,2.533626,22.48497,64.64606,164998.5,3054.173
2026-06-02T20:29:05.368819,1,2.533626,22.46304,64.68201,164995.5,3051.304
2026-06-02T20:29:51.572661,1,2.538461,22.45121,64.34536,164996.4,3054.2
2026-06-02T20:30:37.770256,1,2.540073,22.43023,65.29359,164994.6,3045.214
2026-06-02T20:31:23.996843,1,2.538461,22.42527,65.01608,164990.9,3058.369
2026-06-02T20:32:10.214472,1,2.544909,22.38178,65.07339,164986.2,3060.344
2026-06-02T20:32:56.425827,1,2.533626,22.365,64.69087,164989.3,3053.984
2026-06-02T20:33:42.632695,1,2.538461,22.3402,66.646,164987.4,3052.116
2026-06-02T20:34:28.831636,1,2.525568,22.30835,66.34683,164990.5,3053.497
2026-06-02T20:35:15.054662,1,2.50945,22.36938,65.5632,164988.5,3049.301
2026-06-02T20:36:01.270304,1,2.535238,22.34173,65.43217,164984.7,3046.649
2026-06-02T20:36:47.504182,1,2.525568,22.45579,66.09926,164999.7,3051.575
2026-06-02T20:37:33.736978,1,2.538461,22.48688,65.07025,165005.1,3069.763
2026-06-02T20:38:19.938523,1,2.519121,22.53513,65.97176,164988.6,3189.668
2026-06-02T20:39:06.154072,1,2.50945,22.56298,65.68442,164960.8,3211.402
2026-06-02T20:39:52.382983,1,2.506227,22.59483,64.86635,164963.4,3047.298
2026-06-02T20:40:38.623715,1,2.50945,22.58739,65.3924,164954,3064.377
2026-06-02T20:41:24.839146,1,2.493333,22.56069,64.79702,164947.8,3026.755
2026-06-02T20:42:11.042472,1,2.523956,22.51778,65.67879,164947.9,2998.092
2026-06-02T20:42:57.251039,1,2.525568,22.48535,65.10744,164938.7,2952.918
