timestamp,tipo,nodo_id,temperatura,humedad,c0,c1,c2,c3,c4,c5,c6,c7,c8,c9,c10,c11,c12,c13,c14,c15,c16,c17,c18
2026-06-02T19:24:32.810474,p,1,22.19677,66.34683,0,5622,26,0,54,0,0,0,0,0,0,4302,7812,4668,0,0,0,0,0,0
2026-06-02T19:25:18.989930,p,1,22.20402,66.30927,0,5672,14,0,58,0,0,0,0,0,0,4318,7800,4656,0,0,0,0,0,0
2026-06-02T19:26:05.186801,p,1,22.19677,66.36715,0,5696,36,0,60,0,0,0,0,0,0,4332,7784,4606,0,0,0,0,0,0
2026-06-02T19:26:51.395775,p,1,22.1941,66.34274,0,5694,20,0,82,0,0,0,0,0,0,4384,6476,4644,0,0,0,0,0,0
2026-06-02T19:27:37.610076,p,1,22.18208,66.33492,0,5642,58,0,118,0,0,0,0,0,0,4298,7448,4644,0,0,0,0,0,0
2026-06-02T19:28:23.823032,p,1,22.20268,66.32633,0,5700,32,0,66,0,0,0,0,0,0,4380,7418,4634,0,0,0,0,0,0
2026-06-02T19:29:10.021993,p,1,22.18342,66.33167,0,5706,32,0,28,0,0,0,0,0,0,4352,7428,4710,0,0,0,0,0,0
2026-06-02T19:29:56.242299,p,1,22.17388,66.30469,0,5564,6,0,76,0,0,0,0,0,0,4364,7450,4698,0,0,0,0,0,0
2026-06-02T19:30:42.443726,p,1,22.18761,66.33195,0,5712,42,0,50,0,0,0,0,0,0,4302,7444,4680,0,0,0,0,0,0
2026-06-02T19:31:28.667539,p,1,22.18952,66.3269,0,5748,38,0,66,0,0,0,0,0,0,4444,7458,4678,0,0,0,0,0,0
2026-06-02T19:32:14.866527,p,1,22.17312,66.33072,0,5656,18,0,66,0,0,0,0,0,0,4348,7472,4668,0,0,0,0,0,0
2026-06-02T19:33:01.069217,p,1,22.16511,66.3044,0,5638,10,0,42,0,0,0,0,0,0,4320,7444,4668,0,0,0,0,0,0
2026-06-02T19:33:47.278688,p,1,22.16053,66.29333,0,5706,36,0,48,0,0,0,0,0,0,4376,7460,4692,0,0,0,0,0,0
2026-06-02T19:34:33.502114,p,1,22.1674,66.30945,0,5680,12,0,64,0,0,0,0,0,0,4378,7500,4708,0,0,0,0,0,0
2026-06-02T19:35:19.731428,p,1,22.17674,66.29858,0,5666,4,0,58,0,0,0,0,0,0,4364,7502,4686,0,0,0,0,0,0
2026-06-02T19:36:05.952347,p,1,22.17121,66.29324,0,5666,2,0,72,0,0,0,0,0,0,4406,7492,4672,0,0,0,0,0,0
2026-06-02T19:36:52.181457,p,1,22.15557,66.29324,0,5672,32,0,56,0,0,0,0,0,0,4382,7496,4660,0,0,0,0,0,0
2026-06-02T19:37:38.406574,p,1,22.15919,66.29238,0,5722,32,0,44,0,0,0,0,0,0,4396,7432,4658,0,0,0,0,0,0
2026-06-02T19:38:24.650076,p,1,22.17197,66.30554,0,5696,16,0,64,0,0,0,0,0,0,4362,7448,4664,0,0,0,0,0,0
2026-06-02T19:39:10.872843,p,1,22.1777,66.28952,0,5686,34,0,50,0,0,0,0,0,0,4396,7510,4670,0,0,0,0,0,0
2026-06-02T19:39:57.110155,p,1,22.16835,66.29486,0,5684,30,0,44,0,0,0,0,0,0,4336,7442,4634,0,0,0,0,0,0
2026-06-02T19:40:43.325654,p,1,22.17808,66.28732,0,5690,20,0,96,0,0,0,0,0,0,4394,7500,4680,0,0,0,0,0,0
2026-06-02T19:41:29.545235,p,1,22.15652,66.286,0,5746,28,0,88,0,0,0,0,0,0,4430,7518,4626,0,0,0,0,0,0
2026-06-02T19:42:15.768580,p,1,22.1611,66.31584,0,5708,12,0,48,0,0,0,0,0,0,4400,7490,4642,0,0,0,0,0,0
2026-06-02T19:43:01.987447,p,1,22.15786,66.26215,0,5726,72,0,94,0,0,0,0,0,0,4410,7480,4612,0,0,0,0,0,0
2026-06-02T19:43:48.197122,p,1,22.16702,66.28371,6,5606,38,0,96,0,0,0,0,0,0,4220,7506,4672,0,0,0,0,0,0
2026-06-02T19:44:34.418330,p,1,22.15691,66.29791,0,5690,2,0,58,0,0,0,0,0,0,4426,7470,4674,0,0,0,0,0,0
2026-06-02T19:45:20.651778,p,1,22.15252,66.28647,0,5670,16,0,44,0,0,0,0,0,0,4346,7472,4714,0,0,0,0,0,0
2026-06-02T19:46:06.877379,p,1,22.15919,66.25871,0,5712,10,0,84,0,0,0,0,0,0,4428,7472,4696,0,0,0,0,0,0
2026-06-02T19:47:33.640585,p,1,22.15157,66.26778,0,5658,26,0,74,0,0,0,0,0,0,4368,7484,4682,0,0,0,0,0,0
2026-06-02T19:48:19.867457,p,1,22.1487,66.27178,0,5724,24,0,78,0,0,0,0,0,0,4406,7480,4582,0,0,0,0,0,0
2026-06-02T19:49:06.074156,p,1,22.14737,66.2714,0,5700,16,0,70,0,0,0,0,0,0,4388,7510,4616,0,0,0,0,0,0
2026-06-02T19:49:52.277878,p,1,22.14279,66.2899,0,5654,14,0,18,0,0,0,0,0,0,4386,7486,4594,0,0,0,0,0,0
2026-06-02T19:50:38.502020,p,1,22.14603,66.26006,0,5698,22,0,68,0,0,0,0,0,0,4406,7498,4618,0,0,0,0,0,0
2026-06-02T19:51:24.739317,p,1,22.13192,66.26749,0,5732,32,0,60,0,0,0,0,0,0,4424,7518,4580,0,0,0,0,0,0
2026-06-02T19:52:10.972532,p,1,22.11666,66.28208,4,5700,54,0,74,0,0,0,0,0,0,4418,7504,4582,0,0,0,0,0,0
2026-06-02T19:52:43.499982,p,1,1,22.12124,66.24899,0,5700,32,0,86,0,0,0,0,0,0,4412,7504,4576,0,0,0,0
2026-06-02T19:53:29.722316,p,1,1,22.13097,66.25014,0,5674,2,0,56,0,0,0,0,0,0,4392,7480,4576,0,0,0,0
2026-06-02T19:54:15.936668,p,1,1,22.12772,66.2508,10,5734,2,0,34,0,0,0,0,0,0,4392,7466,4592,0,0,0,0
2026-06-02T19:55:02.167217,p,1,1,22.14317,66.24699,0,5710,12,0,54,0,0,0,0,0,0,4386,7480,4582,0,0,0,0
2026-06-02T19:55:48.361218,p,1,1,22.11533,66.24107,0,5692,30,0,30,0,0,0,0,0,0,4382,7490,4584,0,0,0,0
2026-06-02T19:56:46.472315,p,1,1,22.13287,66.2674,0,5646,10,0,84,0,0,0,0,0,0,4350,7496,4612,0,0,0,0
2026-06-02T19:57:32.707963,p,1,1,22.11685,66.22705,0,5610,6,0,48,0,0,0,0,0,0,4294,7460,4680,0,0,0,0
2026-06-02T19:58:18.906980,p,1,1,22.11227,66.25014,0,5648,2,0,34,0,0,0,0,0,0,4350,7476,4652,0,0,0,0
2026-06-02T19:59:05.115258,p,1,1,22.09034,66.27837,0,5656,10,0,62,0,0,0,0,0,0,4352,7492,4682,0,0,0,0
2026-06-02T19:59:51.335247,p,1,1,22.09015,66.22524,0,5652,30,0,94,0,0,0,0,0,0,4344,7504,4676,0,0,0,0
2026-06-02T20:00:37.559273,p,1,1,22.10522,66.21742,0,5660,28,0,60,0,0,0,0,0,0,4384,7478,4686,0,0,0,0
2026-06-02T20:01:23.753239,p,1,1,22.10159,66.24918,0,5706,32,0,54,0,0,0,0,0,0,4418,7502,4754,0,0,0,0
2026-06-02T20:02:09.971064,p,1,1,22.1283,66.20579,0,5714,34,0,44,0,0,0,0,0,0,4428,7518,4810,0,0,0,0
2026-06-02T20:02:56.188111,p,1,1,22.1117,66.24813,0,5662,8,0,40,0,0,0,0,0,0,4384,7498,4834,0,0,0,0
2026-06-02T20:03:42.407410,p,1,1,22.10026,66.24098,0,5634,4,0,56,0,0,0,0,0,0,4310,7512,4824,0,0,0,0
2026-06-02T20:04:28.645075,p,1,1,22.12868,66.23993,0,5636,36,0,48,0,0,0,0,0,0,4340,7488,4800,0,0,0,0
2026-06-02T20:09:36.406681,p,1,1,22.2744,66.21904,0,5580,0,0,0,0,0,0,0,0,0,4322,7562,0,0,0,0,0
2026-06-02T20:10:22.610692,p,1,1,22.29099,66.23669,0,5740,0,0,0,0,0,0,0,0,0,4476,7504,0,0,0,0,0
2026-06-02T20:11:08.807498,p,1,1,22.29271,66.22992,0,5682,0,0,0,0,0,0,0,0,0,4368,7514,0,0,0,0,0
2026-06-02T20:11:55.034051,p,1,1,22.28546,66.25452,0,5680,0,0,0,0,0,0,0,0,0,4388,7524,0,0,0,0,0
2026-06-02T20:12:41.245474,p,1,1,22.27764,66.22476,0,5558,0,0,0,0,0,0,0,0,0,4236,7522,0,0,0,0,0
2026-06-02T20:13:27.478359,p,1,1,22.26849,66.22247,0,5580,0,0,0,0,0,0,0,0,0,4278,7508,0,0,0,0,0
2026-06-02T20:14:13.726230,p,1,1,22.33582,66.20579,0,5626,0,0,0,0,0,0,0,0,0,4446,7784,0,0,0,0,0
2026-06-02T20:14:59.942371,p,1,1,22.45007,66.20683,0,5638,0,0,0,0,0,0,0,0,0,4298,7490,0,0,0,0,0
2026-06-02T20:15:46.147818,p,1,1,22.55001,66.18661,0,5616,0,0,0,0,0,0,0,0,0,4316,7524,0,0,0,0,0
2026-06-02T20:16:32.335285,p,1,1,22.58568,66.21857,0,5496,0,0,0,0,0,0,0,0,0,4174,7570,0,0,0,0,0
2026-06-02T20:17:18.535227,p,1,1,22.55325,66.19778,0,5660,0,0,0,0,0,0,0,0,0,4358,7536,0,0,0,0,0
2026-06-02T20:18:04.756484,p,1,1,22.55611,66.23335,0,5728,0,0,0,0,0,0,0,0,0,4422,7588,0,0,0,0,0
2026-06-02T20:18:50.975957,p,1,1,22.55287,66.21704,0,5700,0,0,0,0,0,0,0,0,0,4342,7598,0,0,0,0,0
2026-06-02T20:19:37.173168,p,1,1,22.57671,66.21017,0,5580,0,0,0,0,0,0,0,0,0,4226,7566,0,0,0,0,0
2026-06-02T20:20:23.403032,p,1,1,22.58339,66.19759,0,5574,0,0,0,0,0,0,0,0,0,4282,7630,0,0,0,0,0
2026-06-02T20:21:09.616026,p,1,1,22.56737,66.20407,0,5584,0,0,0,0,0,0,0,0,0,4292,7592,0,0,0,0,0
2026-06-02T20:21:55.829671,p,1,1,22.49584,66.20818,0,5672,0,0,0,0,0,0,0,0,0,4338,7414,0,0,0,0,0
2026-06-02T20:22:42.066489,p,1,1,22.46933,66.19101,0,5730,0,0,0,0,0,0,0,0,0,4404,7386,0,0,0,0,0
2026-06-02T20:23:28.275473,p,1,1,22.44148,66.18595,0,5720,0,0,0,0,0,0,0,0,0,4410,7402,0,0,0,0,0
2026-06-02T20:24:14.478081,p,1,1,22.43347,66.19482,0,5634,0,0,0,0,0,0,0,0,0,4296,7474,0,0,0,0,0
2026-06-02T20:25:00.694183,p,1,1,22.402,66.18814,0,5602,0,0,0,0,0,0,0,0,0,4330,7516,0,0,0,0,0
2026-06-02T20:25:46.897860,p,1,1,22.41764,66.16707,0,5726,0,0,0,0,0,0,0,0,0,4386,7492,0,0,0,0,0
2026-06-02T20:26:33.129126,p,1,1,22.39113,66.15028,0,5726,0,0,0,0,0,0,0,0,0,4394,7520,0,0,0,0,0
2026-06-02T20:27:19.368900,p,1,1,22.38102,66.19244,0,5698,0,0,0,0,0,0,0,0,0,4362,7500,0,0,0,0,0
2026-06-02T20:28:05.554765,p,1,1,22.39056,66.16879,0,5596,0,0,0,0,0,0,0,0,0,4272,7476,0,0,0,0,0
2026-06-02T20:28:51.789785,p,1,1,22.402,66.16945,0,5610,0,0,0,0,0,0,0,0,0,4260,7544,0,0,0,0,0
2026-06-02T20:29:37.993658,p,1,1,22.36557,66.16554,0,5590,0,0,0,0,0,0,0,0,0,4250,7500,0,0,0,0,0
2026-06-02T20:30:24.190897,p,1,1,22.36691,66.15706,0,5614,0,0,0,0,0,0,0,0,0,4290,7502,0,0,0,0,0
2026-06-02T20:31:10.416991,p,1,1,22.35851,66.14685,0,5602,0,0,0,0,0,0,0,0,0,4282,7528,0,0,0,0,0
2026-06-02T20:31:56.635091,p,1,1,22.36404,66.13397,0,5570,0,0,0,0,0,0,0,0,0,4212,7556,0,0,0,0,0
2026-06-02T20:32:42.844513,p,1,1,22.35413,66.13036,0,5636,0,0,0,0,0,0,0,0,0,4398,7474,0,0,0,0,0
2026-06-02T20:33:29.052932,p,1,1,22.35317,66.10498,0,5580,0,0,0,0,0,0,0,0,0,4284,7506,0,0,0,0,0
2026-06-02T20:34:15.251816,p,1,1,22.36233,66.13493,0,5540,0,0,0,0,0,0,0,0,0,4248,7482,0,0,0,0,0
2026-06-02T20:35:01.474389,p,1,1,22.365,66.10584,0,5484,0,0,0,0,0,0,0,0,0,4382,7444,0,0,0,0,0
2026-06-02T20:35:47.689576,p,1,1,22.33162,66.13026,0,5690,0,0,0,0,0,0,0,0,0,4398,7470,0,0,0,0,0
2026-06-02T20:36:33.925257,p,1,1,22.35279,66.11452,0,5730,0,0,0,0,0,0,0,0,0,4460,7568,0,0,0,0,0
2026-06-02T20:37:20.157976,p,1,1,22.37835,66.12138,0,5690,0,0,0,0,0,0,0,0,0,4374,7568,0,0,0,0,0
2026-06-02T20:38:06.359902,p,1,1,22.40334,66.11967,0,5660,0,0,0,0,0,0,0,0,0,4354,7562,0,0,0,0,0
2026-06-02T20:38:52.576875,p,1,1,22.39647,66.12167,0,5570,0,0,0,0,0,0,0,0,0,4272,7506,0,0,0,0,0
2026-06-02T20:39:38.814679,p,1,1,22.51816,66.06998,0,5656,0,0,0,0,0,0,0,0,0,4324,7524,0,0,0,0,0
2026-06-02T20:40:25.047184,p,1,1,22.55592,66.09421,0,5638,0,0,0,0,0,0,0,0,0,4340,7512,0,0,0,0,0
2026-06-02T20:41:11.261651,p,1,1,22.57748,66.08391,0,5588,0,0,0,0,0,0,0,0,0,4332,7534,0,0,0,0,0
2026-06-02T20:41:57.474097,p,1,1,22.61925,66.08334,0,5678,0,0,0,0,0,0,0,0,0,4346,7496,0,0,0,0,0
2026-06-02T20:42:43.681627,p,1,1,22.66483,66.0634,0,5732,0,0,0,0,0,0,0,0,0,4444,7510,0,0,0,0,0
